teams,percent_winners,percent_winners_8,percent_winners_4
Brazil,1.6031624025474909,15.887850467289718,23.28767123287671
France,1.246294059514659,12.149532710280374,17.80821917808219
Argentina,1.1639398265070826,8.411214953271028,12.32876712328767
Netherlands,1.092566157900516,8.177570093457943,11.986301369863012
Portugal,1.0706050290984956,6.074766355140187,8.904109589041095
England,1.0596244646974855,9.813084112149532,14.383561643835616
Croatia,0.9223674096848578,4.906542056074766,7.191780821917808
Morocco,0.9223674096848578,2.803738317757009,4.10958904109589
